"trait","pcc"
"CW",0.858753229863697
"DTA",0.951215860863941
"DTS",0.949144028517191
"DTT",0.951045341203356
"ED",0.871752817059104
"EH",0.942901922259288
"EL",0.846471741610924
"ELL",0.918845869662982
"ELW",0.900994060067826
"ERN",0.918093897884114
"EW",0.81951922172615
"KNPE",0.859810669331879
"KNPR",0.727514312142425
"KWPE",0.796062510304781
"LBT",0.698550094512117
"PH",0.944535832384785
"TBN",0.922611686146431
"TL",0.928776031517145
