trait,pcc
CW,0.843935111
DTA,0.946044771
DTS,0.944019189
DTT,0.945958062
ED,0.85831991
EH,0.93645352
EL,0.830467035
ELL,0.909888935
ELW,0.890245987
ERN,0.909452366
EW,0.800241545
KNPE,0.845818715
KNPR,0.698800609
KWPE,0.775711019
LBT,0.665270119
PH,0.938188149
TBN,0.914218544
TL,0.920490184
